,filename,genre,hash,minNeighbors,people,scaleFactor
0,"['1990_1193941c-de68-3299-95b9-87b0922e27b0_hip-hop', 'jpg']",hip-hop,1193941c-de68-3299-95b9-87b0922e27b0,4,0,1.09
1,"['1990_28d79e63-2e5a-404d-b95f-f1b383babcfe_country', 'jpg']",country,28d79e63-2e5a-404d-b95f-f1b383babcfe,4,0,1.09
2,"['1990_3950d762-f987-46ac-8044-86d90e40dd5d_country', 'jpg']",country,3950d762-f987-46ac-8044-86d90e40dd5d,4,0,1.09
3,"['1990_3f6ba929-ff4a-4af8-a896-2803ca3112c0_rock', 'jpg']",rock,3f6ba929-ff4a-4af8-a896-2803ca3112c0,4,0,1.09
4,"['1990_491ded48-ec70-42cd-bba3-7fc4b0115f56_rock', 'jpg']",rock,491ded48-ec70-42cd-bba3-7fc4b0115f56,4,0,1.09
5,"['1990_498f132b-c8a3-4d51-a906-367704f692ae_country', 'jpg']",country,498f132b-c8a3-4d51-a906-367704f692ae,4,1,1.09
6,"['1990_55267b7f-24b1-3180-b988-4990e07f88c8_electronic', 'jpg']",electronic,55267b7f-24b1-3180-b988-4990e07f88c8,4,0,1.09
7,"['1990_67ebbc43-0415-4a07-90b9-3f8f8be296eb_hip-hop', 'jpg']",hip-hop,67ebbc43-0415-4a07-90b9-3f8f8be296eb,4,0,1.09
8,"['1990_83219409-a39c-3c3c-9928-06f0eac04423_electronic', 'jpg']",electronic,83219409-a39c-3c3c-9928-06f0eac04423,4,0,1.09
9,"['1990_912a8e16-3730-46e4-847d-dfba119df13a_pop', 'jpg']",pop,912a8e16-3730-46e4-847d-dfba119df13a,4,0,1.09
10,"['1990_d7bd5278-6a18-4542-a1be-34ab59d050b7_country', 'jpg']",country,d7bd5278-6a18-4542-a1be-34ab59d050b7,4,0,1.09
11,"['1990_d8e9e0f9-7ced-4176-a935-cfac17409d10_rock', 'jpg']",rock,d8e9e0f9-7ced-4176-a935-cfac17409d10,4,0,1.09
12,"['1990_f4afbe11-984e-4865-9677-b244dce5c8ed_country', 'jpg']",country,f4afbe11-984e-4865-9677-b244dce5c8ed,4,2,1.09
13,"['1991_052c18c4-2fd7-4be8-bf9e-c538d131a039_electronic', 'jpg']",electronic,052c18c4-2fd7-4be8-bf9e-c538d131a039,4,1,1.09
14,"['1991_1174e529-a321-4a65-8c02-6dcbd573a383_country', 'jpg']",country,1174e529-a321-4a65-8c02-6dcbd573a383,4,1,1.09
15,"['1991_18116341-4a97-4bf5-8a21-f40dbf3904dc_country', 'jpg']",country,18116341-4a97-4bf5-8a21-f40dbf3904dc,4,0,1.09
16,"['1991_209058f3-4f55-4be0-81c4-a5c4f9ad9934_country', 'jpg']",country,209058f3-4f55-4be0-81c4-a5c4f9ad9934,4,0,1.09
17,"['1991_2369662f-fa9a-4d51-b68e-00133f6a32fe_electronic', 'jpg']",electronic,2369662f-fa9a-4d51-b68e-00133f6a32fe,4,0,1.09
18,"['1991_23933dbe-e90d-4c83-b9f8-286039b4c2d7_hip-hop', 'jpg']",hip-hop,23933dbe-e90d-4c83-b9f8-286039b4c2d7,4,1,1.09
19,"['1991_29adc87d-8df0-4a66-8e26-10cb67a9461d_country', 'jpg']",country,29adc87d-8df0-4a66-8e26-10cb67a9461d,4,0,1.09
20,"['1991_34d4362f-941e-461c-b994-792e0dff242d_electronic', 'jpg']",electronic,34d4362f-941e-461c-b994-792e0dff242d,4,1,1.09
21,"['1991_4006541b-afd8-4687-ae31-7195d9d92e91_country', 'jpg']",country,4006541b-afd8-4687-ae31-7195d9d92e91,4,1,1.09
22,"['1991_4349b090-8599-4151-b5ba-a94ac327933c_rock', 'jpg']",rock,4349b090-8599-4151-b5ba-a94ac327933c,4,1,1.09
23,"['1991_4362b319-05ad-4923-a9fe-20240eb7b174_country', 'jpg']",country,4362b319-05ad-4923-a9fe-20240eb7b174,4,0,1.09
24,"['1991_464721f0-91a9-42fc-b286-904106fce287_country', 'jpg']",country,464721f0-91a9-42fc-b286-904106fce287,4,0,1.09
25,"['1991_466c6528-69ca-4536-b12b-ada285318dd6_rock', 'jpg']",rock,466c6528-69ca-4536-b12b-ada285318dd6,4,2,1.09
26,"['1991_754faecf-8687-4e02-9fd3-e1165d8b7f28_country', 'jpg']",country,754faecf-8687-4e02-9fd3-e1165d8b7f28,4,0,1.09
27,"['1991_7f113627-ef05-4c70-aa80-8ca90e15df4c_rock', 'jpg']",rock,7f113627-ef05-4c70-aa80-8ca90e15df4c,4,0,1.09
28,"['1991_9b125676-b2fc-4eaa-baf0-366fbbca2c2b_country', 'jpg']",country,9b125676-b2fc-4eaa-baf0-366fbbca2c2b,4,0,1.09
29,"['1991_9b859598-af45-3927-9d2a-a8581d143b4f_pop', 'jpg']",pop,9b859598-af45-3927-9d2a-a8581d143b4f,4,0,1.09
30,"['1991_9be99ebf-9486-4981-a13b-d1c960bc9ca7_rock', 'jpg']",rock,9be99ebf-9486-4981-a13b-d1c960bc9ca7,4,0,1.09
31,"['1991_9d5166bc-4369-3192-86b9-859d77dec9ae_electronic', 'jpg']",electronic,9d5166bc-4369-3192-86b9-859d77dec9ae,4,1,1.09
32,"['1991_a9aff52b-0475-4c15-a4fa-117886c99a06_hip-hop', 'jpg']",hip-hop,a9aff52b-0475-4c15-a4fa-117886c99a06,4,0,1.09
33,"['1991_ae97eb23-501f-478f-9d1f-258094d7e47f_pop', 'jpg']",pop,ae97eb23-501f-478f-9d1f-258094d7e47f,4,0,1.09
34,"['1991_cb35a21f-f597-439a-99ae-4184a2c2d3bf_pop', 'jpg']",pop,cb35a21f-f597-439a-99ae-4184a2c2d3bf,4,0,1.09
35,"['1991_cd6100f2-cbbe-3703-916b-d3e35d9efd4a_rock', 'jpg']",rock,cd6100f2-cbbe-3703-916b-d3e35d9efd4a,4,0,1.09
36,"['1992_06936d3f-551a-4f49-a717-148f5471ddee_hip-hop', 'jpg']",hip-hop,06936d3f-551a-4f49-a717-148f5471ddee,4,0,1.09
37,"['1992_15ad6386-d33b-480d-aca2-39b22526de23_rock', 'jpg']",rock,15ad6386-d33b-480d-aca2-39b22526de23,4,1,1.09
38,"['1992_1a7189e6-b410-49d5-b064-69b173f0aeeb_rock', 'jpg']",rock,1a7189e6-b410-49d5-b064-69b173f0aeeb,4,0,1.09
39,"['1992_2bd73f2b-9d42-4ea9-b5b2-1c91ad87a692_pop', 'jpg']",pop,2bd73f2b-9d42-4ea9-b5b2-1c91ad87a692,4,0,1.09
40,"['1992_6d8ae022-8687-46ed-8755-045f73494fee_hip-hop', 'jpg']",hip-hop,6d8ae022-8687-46ed-8755-045f73494fee,4,0,1.09
41,"['1992_708d027e-cd22-3470-a60e-1aec146a18a1_rock', 'jpg']",rock,708d027e-cd22-3470-a60e-1aec146a18a1,4,1,1.09
42,"['1992_7d7aa4f7-8165-4dfb-b073-b0e1e1b8845a_hip-hop', 'jpg']",hip-hop,7d7aa4f7-8165-4dfb-b073-b0e1e1b8845a,4,0,1.09
43,"['1992_808f4d7e-64ab-4e3a-8826-94d46c3451d1_country', 'jpg']",country,808f4d7e-64ab-4e3a-8826-94d46c3451d1,4,0,1.09
44,"['1992_85a9de98-ebe4-4134-81ed-ccd8d4b5cfeb_electronic', 'jpg']",electronic,85a9de98-ebe4-4134-81ed-ccd8d4b5cfeb,4,0,1.09
45,"['1992_8ca6058f-f7da-4106-9e9e-b2c00e2ba1ea_pop', 'jpg']",pop,8ca6058f-f7da-4106-9e9e-b2c00e2ba1ea,4,0,1.09
46,"['1992_cff373a4-a3f5-47f1-9ae2-17f48e96f55a_rock', 'jpg']",rock,cff373a4-a3f5-47f1-9ae2-17f48e96f55a,4,0,1.09
47,"['1992_d7471394-4eab-4a27-8b21-65024c07e753_rock', 'jpg']",rock,d7471394-4eab-4a27-8b21-65024c07e753,4,1,1.09
48,"['1992_efa36c3d-2e8a-4cab-b3c5-32d12b3f07b0_electronic', 'jpg']",electronic,efa36c3d-2e8a-4cab-b3c5-32d12b3f07b0,4,0,1.09
49,"['1993_002877ac-67ec-49c0-b12f-68bc9b4ee1af_country', 'jpg']",country,002877ac-67ec-49c0-b12f-68bc9b4ee1af,4,1,1.09
50,"['1993_04b56b33-9dc4-4cb6-90db-a7717f5d3cda_country', 'jpg']",country,04b56b33-9dc4-4cb6-90db-a7717f5d3cda,4,0,1.09
51,"['1993_06dac49b-a000-40c6-a4bc-0d9105cbed28_country', 'jpg']",country,06dac49b-a000-40c6-a4bc-0d9105cbed28,4,0,1.09
52,"['1993_09a7cf2a-c5f0-4d60-b98d-7cb2dc085128_rock', 'jpg']",rock,09a7cf2a-c5f0-4d60-b98d-7cb2dc085128,4,0,1.09
53,"['1993_1932563f-b7ac-43db-9b35-01bd11fd5299_country', 'jpg']",country,1932563f-b7ac-43db-9b35-01bd11fd5299,4,0,1.09
54,"['1993_3a07b127-5dd2-4133-9e84-e1d9d55eafc0_rock', 'jpg']",rock,3a07b127-5dd2-4133-9e84-e1d9d55eafc0,4,0,1.09
55,"['1993_40cc2ee1-0dcc-49f2-aa88-881cfc64c4be_hip-hop', 'jpg']",hip-hop,40cc2ee1-0dcc-49f2-aa88-881cfc64c4be,4,0,1.09
56,"['1993_4d30c9fb-512a-48d8-9a27-55314e788c23_pop', 'jpg']",pop,4d30c9fb-512a-48d8-9a27-55314e788c23,4,1,1.09
57,"['1993_52ff2a91-e2c9-3045-9dff-879dd4864426_rock', 'jpg']",rock,52ff2a91-e2c9-3045-9dff-879dd4864426,4,0,1.09
58,"['1993_5b426b12-332e-49cc-a1a3-d921c668d095_country', 'jpg']",country,5b426b12-332e-49cc-a1a3-d921c668d095,4,0,1.09
59,"['1993_5c3608b9-c1a6-3279-aade-3a408d8ed9b5_electronic', 'jpg']",electronic,5c3608b9-c1a6-3279-aade-3a408d8ed9b5,4,0,1.09
60,"['1993_610c553f-6d11-4427-bf0b-77226960b901_pop', 'jpg']",pop,610c553f-6d11-4427-bf0b-77226960b901,4,0,1.09
61,"['1993_61a92fac-a3a9-43a5-97f4-fc79e6e44cdd_pop', 'jpg']",pop,61a92fac-a3a9-43a5-97f4-fc79e6e44cdd,4,0,1.09
62,"['1993_691e8098-5ca0-4a6a-af1f-256d2fc79d10_rock', 'jpg']",rock,691e8098-5ca0-4a6a-af1f-256d2fc79d10,4,0,1.09
63,"['1993_8068e914-f3a9-4e3c-a9dd-511ec459a626_pop', 'jpg']",pop,8068e914-f3a9-4e3c-a9dd-511ec459a626,4,0,1.09
64,"['1993_846f3d24-9006-4ef3-9f4e-ef13317d98a0_hip-hop', 'jpg']",hip-hop,846f3d24-9006-4ef3-9f4e-ef13317d98a0,4,1,1.09
65,"['1993_89f28dd9-568d-45aa-8a3b-15389bcb81f4_rock', 'jpg']",rock,89f28dd9-568d-45aa-8a3b-15389bcb81f4,4,0,1.09
66,"['1993_9fe3276e-e7a2-4364-bc36-09704613360b_electronic', 'jpg']",electronic,9fe3276e-e7a2-4364-bc36-09704613360b,4,0,1.09
67,"['1993_ab48b1da-7190-4f3a-b1c3-78b4778128a7_hip-hop', 'jpg']",hip-hop,ab48b1da-7190-4f3a-b1c3-78b4778128a7,4,0,1.09
68,"['1993_ae9f317a-a627-4f97-a3b3-72ac73801344_pop', 'jpg']",pop,ae9f317a-a627-4f97-a3b3-72ac73801344,4,0,1.09
69,"['1993_cb7ed05e-0466-42af-8f0e-9766f46c1c17_hip-hop', 'jpg']",hip-hop,cb7ed05e-0466-42af-8f0e-9766f46c1c17,4,0,1.09
70,"['1993_deceeaef-f03d-4c62-af31-5caf7482898b_pop', 'jpg']",pop,deceeaef-f03d-4c62-af31-5caf7482898b,4,0,1.09
71,"['1993_f76fa63b-7797-46e1-949c-b646b2cc9fe8_country', 'jpg']",country,f76fa63b-7797-46e1-949c-b646b2cc9fe8,4,1,1.09
72,"['1994_01b387c3-0977-47a4-8def-1aae48b79447_pop', 'jpg']",pop,01b387c3-0977-47a4-8def-1aae48b79447,4,0,1.09
73,"['1994_04949aa9-ed92-4520-a33c-b7b6b4b3f7c6_hip-hop', 'jpg']",hip-hop,04949aa9-ed92-4520-a33c-b7b6b4b3f7c6,4,0,1.09
74,"['1994_08f7953d-4f06-45c5-8b2f-e837c1d0375c_country', 'jpg']",country,08f7953d-4f06-45c5-8b2f-e837c1d0375c,4,0,1.09
75,"['1994_22384986-46ce-4582-b388-bd90571a547c_pop', 'jpg']",pop,22384986-46ce-4582-b388-bd90571a547c,4,1,1.09
76,"['1994_2c781a00-943e-42f0-a4a0-a26559811a41_electronic', 'jpg']",electronic,2c781a00-943e-42f0-a4a0-a26559811a41,4,0,1.09
77,"['1994_3ddee01e-da2e-438e-b353-8fa3dab246de_electronic', 'jpg']",electronic,3ddee01e-da2e-438e-b353-8fa3dab246de,4,0,1.09
78,"['1994_637df077-d40a-4e72-bc02-9ace96cd3564_country', 'jpg']",country,637df077-d40a-4e72-bc02-9ace96cd3564,4,0,1.09
79,"['1994_669e7e2a-e1f9-49f9-972b-0e96ccf60ddc_hip-hop', 'jpg']",hip-hop,669e7e2a-e1f9-49f9-972b-0e96ccf60ddc,4,0,1.09
80,"['1994_707c7c8a-b092-4af9-abf4-2332471cb426_hip-hop', 'jpg']",hip-hop,707c7c8a-b092-4af9-abf4-2332471cb426,4,0,1.09
81,"['1994_7bdec870-d321-4b69-a424-35d5e67ce442_hip-hop', 'jpg']",hip-hop,7bdec870-d321-4b69-a424-35d5e67ce442,4,0,1.09
82,"['1994_8bd26f90-a889-4824-9cc7-74e2393707a6_country', 'jpg']",country,8bd26f90-a889-4824-9cc7-74e2393707a6,4,0,1.09
83,"['1994_96316bce-982a-495d-9921-2494acd756f3_electronic', 'jpg']",electronic,96316bce-982a-495d-9921-2494acd756f3,4,0,1.09
84,"['1994_97410570-1112-465d-9eff-2e721e57e738_hip-hop', 'jpg']",hip-hop,97410570-1112-465d-9eff-2e721e57e738,4,1,1.09
85,"['1994_9b55b5f1-4ecf-49ef-8c13-442b01f8f8bc_electronic', 'jpg']",electronic,9b55b5f1-4ecf-49ef-8c13-442b01f8f8bc,4,0,1.09
86,"['1994_a65038f6-3936-4681-ade5-6f32cfa9487d_electronic', 'jpg']",electronic,a65038f6-3936-4681-ade5-6f32cfa9487d,4,0,1.09
87,"['1994_c5dbbbd9-c48b-489e-a2d6-f19122d652af_rock', 'jpg']",rock,c5dbbbd9-c48b-489e-a2d6-f19122d652af,4,1,1.09
88,"['1994_c938d527-546b-451a-99d1-e883a490e0c2_pop', 'jpg']",pop,c938d527-546b-451a-99d1-e883a490e0c2,4,0,1.09
89,"['1994_d939d8f4-6e1e-48c5-9ee5-c01bb41404e4_pop', 'jpg']",pop,d939d8f4-6e1e-48c5-9ee5-c01bb41404e4,4,0,1.09
90,"['1994_dbe0fa62-eb1e-4861-8818-48bda443cd39_electronic', 'jpg']",electronic,dbe0fa62-eb1e-4861-8818-48bda443cd39,4,0,1.09
91,"['1994_f4ba50c7-25b4-4613-a709-664c866047ee_rock', 'jpg']",rock,f4ba50c7-25b4-4613-a709-664c866047ee,4,0,1.09
92,"['1995_0d225de3-5dcf-4219-93e0-be16ab17afa7_rock', 'jpg']",rock,0d225de3-5dcf-4219-93e0-be16ab17afa7,4,0,1.09
93,"['1995_0dcb1330-c599-44d0-9993-9b8b84034890_country', 'jpg']",country,0dcb1330-c599-44d0-9993-9b8b84034890,4,1,1.09
94,"['1995_1f12e476-f578-4a07-bc6f-578afed93e95_electronic', 'jpg']",electronic,1f12e476-f578-4a07-bc6f-578afed93e95,4,0,1.09
95,"['1995_2f46bec5-6923-454a-ad19-1f1d4c6e5b02_hip-hop', 'jpg']",hip-hop,2f46bec5-6923-454a-ad19-1f1d4c6e5b02,4,0,1.09
96,"['1995_31d4a361-ee0a-44f2-8db8-b0ffc8179d2e_electronic', 'jpg']",electronic,31d4a361-ee0a-44f2-8db8-b0ffc8179d2e,4,0,1.09
97,"['1995_32eace38-f6b5-477b-9b6a-6370775ebf7b_country', 'jpg']",country,32eace38-f6b5-477b-9b6a-6370775ebf7b,4,0,1.09
98,"['1995_483ac6b2-555f-41ad-9a8c-7ff51e887b5d_electronic', 'jpg']",electronic,483ac6b2-555f-41ad-9a8c-7ff51e887b5d,4,0,1.09
99,"['1995_4df2f9a7-8d62-4895-a28c-c5df3e666ad5_rock', 'jpg']",rock,4df2f9a7-8d62-4895-a28c-c5df3e666ad5,4,0,1.09
100,"['1995_50b4286d-282e-47ee-8a70-6f2357dc6919_rock', 'jpg']",rock,50b4286d-282e-47ee-8a70-6f2357dc6919,4,0,1.09
101,"['1995_55b3afe2-c079-42e4-84d5-4a7e5bd4d8bb_pop', 'jpg']",pop,55b3afe2-c079-42e4-84d5-4a7e5bd4d8bb,4,1,1.09
102,"['1995_711946e6-0c3e-3b60-92dd-20e3ced9d0e5_electronic', 'jpg']",electronic,711946e6-0c3e-3b60-92dd-20e3ced9d0e5,4,0,1.09
103,"['1995_72cbb9e5-99aa-45ef-a762-8dfb6eb3674d_electronic', 'jpg']",electronic,72cbb9e5-99aa-45ef-a762-8dfb6eb3674d,4,0,1.09
104,"['1995_737fe3c1-8b60-42d6-924f-056510d7e642_rock', 'jpg']",rock,737fe3c1-8b60-42d6-924f-056510d7e642,4,0,1.09
105,"['1995_77f32a9c-8080-497b-b0d9-f93e21a5f93c_rock', 'jpg']",rock,77f32a9c-8080-497b-b0d9-f93e21a5f93c,4,1,1.09
106,"['1995_802bf5d5-9257-4d29-84af-edf61bc0c91c_country', 'jpg']",country,802bf5d5-9257-4d29-84af-edf61bc0c91c,4,2,1.09
107,"['1995_8448c029-52f5-41f0-bc80-718d8d91fae5_electronic', 'jpg']",electronic,8448c029-52f5-41f0-bc80-718d8d91fae5,4,0,1.09
108,"['1995_856284e5-e975-461c-b132-6ab9c2f27ef0_country', 'jpg']",country,856284e5-e975-461c-b132-6ab9c2f27ef0,4,0,1.09
109,"['1995_9eeaa399-0c9b-411c-8e93-2c96551760e4_hip-hop', 'jpg']",hip-hop,9eeaa399-0c9b-411c-8e93-2c96551760e4,4,1,1.09
110,"['1995_d1f89730-eb6e-431f-84a0-6ca631345b2e_pop', 'jpg']",pop,d1f89730-eb6e-431f-84a0-6ca631345b2e,4,0,1.09
111,"['1995_d3080a3d-c41f-4d78-b80e-8d8ab26ac200_electronic', 'jpg']",electronic,d3080a3d-c41f-4d78-b80e-8d8ab26ac200,4,0,1.09
112,"['1995_e1b24c75-812a-4306-ad42-f88916b073f3_pop', 'jpg']",pop,e1b24c75-812a-4306-ad42-f88916b073f3,4,0,1.09
113,"['1995_ea312cf2-017e-4362-be40-588bfea67fff_country', 'jpg']",country,ea312cf2-017e-4362-be40-588bfea67fff,4,2,1.09
114,"['1995_f2d28583-174b-4c50-bd86-e0d4b866bf11_hip-hop', 'jpg']",hip-hop,f2d28583-174b-4c50-bd86-e0d4b866bf11,4,1,1.09
115,"['1996_0bafaedd-658b-4ed7-90df-1582a23c79b7_rock', 'jpg']",rock,0bafaedd-658b-4ed7-90df-1582a23c79b7,4,1,1.09
116,"['1996_27c5f9be-6b51-4ddc-860f-0ed605e9d836_country', 'jpg']",country,27c5f9be-6b51-4ddc-860f-0ed605e9d836,4,0,1.09
117,"['1996_2825df2f-bd7b-47d9-9a51-79e9b3b21ba2_hip-hop', 'jpg']",hip-hop,2825df2f-bd7b-47d9-9a51-79e9b3b21ba2,4,1,1.09
118,"['1996_2fa486f2-5e20-4a63-8e03-2a16dc32963c_rock', 'jpg']",rock,2fa486f2-5e20-4a63-8e03-2a16dc32963c,4,1,1.09
119,"['1996_3e15d970-158a-4dda-9d00-d31b20a9eb7f_electronic', 'jpg']",electronic,3e15d970-158a-4dda-9d00-d31b20a9eb7f,4,0,1.09
120,"['1996_6394deb7-c2e6-4d9f-8164-c7661bb62edd_country', 'jpg']",country,6394deb7-c2e6-4d9f-8164-c7661bb62edd,4,0,1.09
121,"['1996_65c216a0-1233-4ca4-b033-e17df5489a31_country', 'jpg']",country,65c216a0-1233-4ca4-b033-e17df5489a31,4,0,1.09
122,"['1996_7d2fad7b-1e9b-4c9b-8c21-5057dc237394_pop', 'jpg']",pop,7d2fad7b-1e9b-4c9b-8c21-5057dc237394,4,0,1.09
123,"['1996_85e9cfbd-d41d-407f-ad85-7e661c0c11db_electronic', 'jpg']",electronic,85e9cfbd-d41d-407f-ad85-7e661c0c11db,4,0,1.09
124,"['1996_960e5cd6-b869-455b-9a86-115343f333c3_rock', 'jpg']",rock,960e5cd6-b869-455b-9a86-115343f333c3,4,0,1.09
125,"['1996_9f754cd6-7653-4b0d-bf72-1745a60d5f1e_pop', 'jpg']",pop,9f754cd6-7653-4b0d-bf72-1745a60d5f1e,4,0,1.09
126,"['1996_9fe82bfa-ef73-4338-b476-df8d86a51e57_pop', 'jpg']",pop,9fe82bfa-ef73-4338-b476-df8d86a51e57,4,1,1.09
127,"['1996_aea728ef-e286-3949-bfba-01ab0ac961c2_pop', 'jpg']",pop,aea728ef-e286-3949-bfba-01ab0ac961c2,4,1,1.09
128,"['1996_dd51cabe-c150-38cf-b0cd-ebc9e5c9994f_rock', 'jpg']",rock,dd51cabe-c150-38cf-b0cd-ebc9e5c9994f,4,1,1.09
129,"['1996_f123a7bf-01c9-458f-8fa9-6cf087d3aadf_country', 'jpg']",country,f123a7bf-01c9-458f-8fa9-6cf087d3aadf,4,0,1.09
130,"['1996_f943cb70-14b3-4243-8144-1ad83a01aaa9_country', 'jpg']",country,f943cb70-14b3-4243-8144-1ad83a01aaa9,4,0,1.09
131,"['1997_04342860-0351-47fd-9a9a-00cf59b9c579_country', 'jpg']",country,04342860-0351-47fd-9a9a-00cf59b9c579,4,0,1.09
132,"['1997_0aec800b-621e-48df-a734-2720a6312885_rock', 'jpg']",rock,0aec800b-621e-48df-a734-2720a6312885,4,0,1.09
133,"['1997_1158929a-8a88-4b06-a7c9-cd5930db146e_hip-hop', 'jpg']",hip-hop,1158929a-8a88-4b06-a7c9-cd5930db146e,4,0,1.09
134,"['1997_1abf3c04-cc11-4ea7-8377-dccf6355579c_hip-hop', 'jpg']",hip-hop,1abf3c04-cc11-4ea7-8377-dccf6355579c,4,0,1.09
135,"['1997_2b60087a-bb73-432b-b986-b43931064d0e_pop', 'jpg']",pop,2b60087a-bb73-432b-b986-b43931064d0e,4,0,1.09
136,"['1997_55c24dc9-d6bf-4fd6-b306-2b3f40c62927_hip-hop', 'jpg']",hip-hop,55c24dc9-d6bf-4fd6-b306-2b3f40c62927,4,0,1.09
137,"['1997_5965201a-bf72-40da-a28c-610d53213bd7_country', 'jpg']",country,5965201a-bf72-40da-a28c-610d53213bd7,4,0,1.09
138,"['1997_5c2103db-5dab-469f-9697-02c9e542ad4a_country', 'jpg']",country,5c2103db-5dab-469f-9697-02c9e542ad4a,4,0,1.09
139,"['1997_6137f03f-be09-418d-9b5a-9799531f635e_rock', 'jpg']",rock,6137f03f-be09-418d-9b5a-9799531f635e,4,0,1.09
140,"['1997_6445dabe-2389-4dd8-94a6-9f22e8e254d6_country', 'jpg']",country,6445dabe-2389-4dd8-94a6-9f22e8e254d6,4,2,1.09
141,"['1997_6d969bc3-6575-44e7-87eb-a2142c20163d_pop', 'jpg']",pop,6d969bc3-6575-44e7-87eb-a2142c20163d,4,0,1.09
142,"['1997_b73f4fe0-8676-401f-b38e-9b117d6e2f8e_pop', 'jpg']",pop,b73f4fe0-8676-401f-b38e-9b117d6e2f8e,4,0,1.09
143,"['1997_bbf6ecfb-cb4f-401c-9d05-2b6c22d1366d_rock', 'jpg']",rock,bbf6ecfb-cb4f-401c-9d05-2b6c22d1366d,4,1,1.09
144,"['1997_d21770fe-5235-4bba-9289-f8e3c2b39282_country', 'jpg']",country,d21770fe-5235-4bba-9289-f8e3c2b39282,4,1,1.09
145,"['1997_db470570-67e1-40f0-afef-9e089b28cabd_hip-hop', 'jpg']",hip-hop,db470570-67e1-40f0-afef-9e089b28cabd,4,0,1.09
146,"['1997_e52596cc-dcd4-4aba-99b1-f600f13cb0c2_country', 'jpg']",country,e52596cc-dcd4-4aba-99b1-f600f13cb0c2,4,0,1.09
147,"['1997_e6215166-075f-4c9e-93db-d3d028dd8fe1_electronic', 'jpg']",electronic,e6215166-075f-4c9e-93db-d3d028dd8fe1,4,0,1.09
148,"['1997_f0781963-a86c-44b8-b6f3-6f9982832e3d_electronic', 'jpg']",electronic,f0781963-a86c-44b8-b6f3-6f9982832e3d,4,0,1.09
149,"['1998_08eba0cf-3a36-4655-9bff-ce2518934a21_electronic', 'jpg']",electronic,08eba0cf-3a36-4655-9bff-ce2518934a21,4,0,1.09
150,"['1998_09cdc71c-ed69-3be2-a587-cf475e3612db_country', 'jpg']",country,09cdc71c-ed69-3be2-a587-cf475e3612db,4,0,1.09
151,"['1998_15a9376e-5407-44cb-adaf-55242c494cca_electronic', 'jpg']",electronic,15a9376e-5407-44cb-adaf-55242c494cca,4,0,1.09
152,"['1998_302b15bf-5f05-4e56-8d9b-be73c4c13edf_electronic', 'jpg']",electronic,302b15bf-5f05-4e56-8d9b-be73c4c13edf,4,0,1.09
153,"['1998_3fb4454a-64b6-4981-8748-4cdd889fe04b_hip-hop', 'jpg']",hip-hop,3fb4454a-64b6-4981-8748-4cdd889fe04b,4,0,1.09
154,"['1998_46763006-00e6-4fd4-8788-5e75f5e7f170_hip-hop', 'jpg']",hip-hop,46763006-00e6-4fd4-8788-5e75f5e7f170,4,0,1.09
155,"['1998_508ff93f-7cef-49e3-a16c-368988860735_country', 'jpg']",country,508ff93f-7cef-49e3-a16c-368988860735,4,0,1.09
156,"['1998_84179abc-b714-40fc-8390-8518d57a41d5_electronic', 'jpg']",electronic,84179abc-b714-40fc-8390-8518d57a41d5,4,0,1.09
157,"['1998_84cfc47e-60e8-4256-a87f-b952056288dc_hip-hop', 'jpg']",hip-hop,84cfc47e-60e8-4256-a87f-b952056288dc,4,0,1.09
158,"['1998_a0dfcd18-8b1a-4efe-aa62-13b44eefcd86_rock', 'jpg']",rock,a0dfcd18-8b1a-4efe-aa62-13b44eefcd86,4,0,1.09
159,"['1998_a6a37a40-793d-4528-9a2c-4e8c7169e4c7_pop', 'jpg']",pop,a6a37a40-793d-4528-9a2c-4e8c7169e4c7,4,0,1.09
160,"['1998_a748a984-1790-48bf-9f92-15d5f8152fe2_country', 'jpg']",country,a748a984-1790-48bf-9f92-15d5f8152fe2,4,0,1.09
161,"['1998_b1505d97-4951-486e-84e0-1bc01f2a8567_electronic', 'jpg']",electronic,b1505d97-4951-486e-84e0-1bc01f2a8567,4,0,1.09
162,"['1998_b58b451e-77e8-4d11-a3ed-99a64df539d5_electronic', 'jpg']",electronic,b58b451e-77e8-4d11-a3ed-99a64df539d5,4,1,1.09
163,"['1998_bfdf5e10-043e-47fb-bbde-3dcd16e13fc5_hip-hop', 'jpg']",hip-hop,bfdf5e10-043e-47fb-bbde-3dcd16e13fc5,4,2,1.09
164,"['1998_d28b1565-137e-475b-b554-a4a9cde3810b_rock', 'jpg']",rock,d28b1565-137e-475b-b554-a4a9cde3810b,4,1,1.09
165,"['1998_d6521901-fa16-451d-86f3-50273ff5fb05_hip-hop', 'jpg']",hip-hop,d6521901-fa16-451d-86f3-50273ff5fb05,4,1,1.09
166,"['1998_d6c866bf-1bab-4c35-b538-d4b42c0d93ed_hip-hop', 'jpg']",hip-hop,d6c866bf-1bab-4c35-b538-d4b42c0d93ed,4,0,1.09
167,"['1998_de32ea23-1f25-4359-93ee-afdc9de2b6dc_electronic', 'jpg']",electronic,de32ea23-1f25-4359-93ee-afdc9de2b6dc,4,2,1.09
168,"['1998_f06c5dc0-e7c4-4511-b30a-b09d78c0c625_pop', 'jpg']",pop,f06c5dc0-e7c4-4511-b30a-b09d78c0c625,4,0,1.09
169,"['1998_ff7d4424-3041-4a6b-9960-d602b0ce7855_country', 'jpg']",country,ff7d4424-3041-4a6b-9960-d602b0ce7855,4,0,1.09
170,"['1999_0c25166a-9684-43ae-8349-a3133269d3e2_rock', 'jpg']",rock,0c25166a-9684-43ae-8349-a3133269d3e2,4,1,1.09
171,"['1999_0f6a17e6-b9d7-4a9a-af7d-665dcb5da460_hip-hop', 'jpg']",hip-hop,0f6a17e6-b9d7-4a9a-af7d-665dcb5da460,4,0,1.09
172,"['1999_19c9c45f-fd34-4f0d-9bc8-f53e6cbce3cb_rock', 'jpg']",rock,19c9c45f-fd34-4f0d-9bc8-f53e6cbce3cb,4,0,1.09
173,"['1999_1e4a9a21-7599-4d23-9193-d28bced2fb6b_hip-hop', 'jpg']",hip-hop,1e4a9a21-7599-4d23-9193-d28bced2fb6b,4,0,1.09
174,"['1999_2cfa71de-25e5-433a-a689-01b9d140f59d_pop', 'jpg']",pop,2cfa71de-25e5-433a-a689-01b9d140f59d,4,0,1.09
175,"['1999_3566c002-a04d-480f-8246-640e9f4e8108_electronic', 'jpg']",electronic,3566c002-a04d-480f-8246-640e9f4e8108,4,0,1.09
176,"['1999_3a8c1b8b-30fa-33c3-9ef8-ec9f542f9491_rock', 'jpg']",rock,3a8c1b8b-30fa-33c3-9ef8-ec9f542f9491,4,0,1.09
177,"['1999_4947b1b5-926c-4148-80ce-9e662356c47e_hip-hop', 'jpg']",hip-hop,4947b1b5-926c-4148-80ce-9e662356c47e,4,0,1.09
178,"['1999_49ebe9c7-570e-4d87-ad3a-e54d4ad85b30_electronic', 'jpg']",electronic,49ebe9c7-570e-4d87-ad3a-e54d4ad85b30,4,0,1.09
179,"['1999_4fc77d6e-e721-4c57-b6e4-61cad4a2b5ed_hip-hop', 'jpg']",hip-hop,4fc77d6e-e721-4c57-b6e4-61cad4a2b5ed,4,0,1.09
180,"['1999_5528841d-3e6f-4e4c-97f9-e1d1cc196206_electronic', 'jpg']",electronic,5528841d-3e6f-4e4c-97f9-e1d1cc196206,4,0,1.09
181,"['1999_5c05047d-aa78-39b1-8a95-9a302b056110_rock', 'jpg']",rock,5c05047d-aa78-39b1-8a95-9a302b056110,4,0,1.09
182,"['1999_647bdfce-8294-480a-b8fe-b331161e97de_rock', 'jpg']",rock,647bdfce-8294-480a-b8fe-b331161e97de,4,0,1.09
183,"['1999_6aa63fe8-aa2d-4cdc-afe4-1f84803b496b_rock', 'jpg']",rock,6aa63fe8-aa2d-4cdc-afe4-1f84803b496b,4,1,1.09
184,"['1999_6c41a584-37e5-4710-aa5d-1f75c50d61f0_hip-hop', 'jpg']",hip-hop,6c41a584-37e5-4710-aa5d-1f75c50d61f0,4,1,1.09
185,"['1999_78d4a493-4036-338f-8eef-466f38b3e935_rock', 'jpg']",rock,78d4a493-4036-338f-8eef-466f38b3e935,4,1,1.09
186,"['1999_81a1dc18-349b-4470-a85f-f2cf1cf3ff67_electronic', 'jpg']",electronic,81a1dc18-349b-4470-a85f-f2cf1cf3ff67,4,0,1.09
187,"['1999_82dfe0a3-a84f-499a-9efa-da0c0873ea33_country', 'jpg']",country,82dfe0a3-a84f-499a-9efa-da0c0873ea33,4,2,1.09
188,"['1999_97831ff7-20b7-4eac-8d68-1b644936278c_hip-hop', 'jpg']",hip-hop,97831ff7-20b7-4eac-8d68-1b644936278c,4,0,1.09
189,"['1999_99070885-eb30-4604-be19-c07bd93ef12e_rock', 'jpg']",rock,99070885-eb30-4604-be19-c07bd93ef12e,4,0,1.09
190,"['1999_a5f6128e-491b-3f5e-b9e4-21b4166eb5bc_rock', 'jpg']",rock,a5f6128e-491b-3f5e-b9e4-21b4166eb5bc,4,3,1.09
191,"['1999_cac2b28b-469a-4a7e-8f56-21acb12f6c77_pop', 'jpg']",pop,cac2b28b-469a-4a7e-8f56-21acb12f6c77,4,0,1.09
192,"['1999_d0374fd8-223a-41cd-ae53-fc96dad1edc2_pop', 'jpg']",pop,d0374fd8-223a-41cd-ae53-fc96dad1edc2,4,1,1.09
193,"['1999_d33ce12c-6973-4b81-bdfe-21ebabedc158_hip-hop', 'jpg']",hip-hop,d33ce12c-6973-4b81-bdfe-21ebabedc158,4,2,1.09
194,"['1999_e7b6c232-063d-4f9e-a6a6-c3af8337199a_country', 'jpg']",country,e7b6c232-063d-4f9e-a6a6-c3af8337199a,4,1,1.09
195,"['1999_ed107f8d-fcee-496d-bba1-e3191789d6e1_country', 'jpg']",country,ed107f8d-fcee-496d-bba1-e3191789d6e1,4,0,1.09
196,"['1999_fc0c4079-a29f-30e3-939e-d6ee4d03f886_rock', 'jpg']",rock,fc0c4079-a29f-30e3-939e-d6ee4d03f886,4,0,1.09
197,"['2000_14e7a6a2-f181-4e67-92d0-01303e60ddfa_pop', 'jpg']",pop,14e7a6a2-f181-4e67-92d0-01303e60ddfa,4,1,1.09
198,"['2000_19976ffa-c705-4535-bdaa-cf2f73a32bd4_electronic', 'jpg']",electronic,19976ffa-c705-4535-bdaa-cf2f73a32bd4,4,0,1.09
199,"['2000_1e16f409-d014-430c-b5e3-3e0a1bab2e64_rock', 'jpg']",rock,1e16f409-d014-430c-b5e3-3e0a1bab2e64,4,0,1.09
200,"['2000_2d7f5fd0-1b59-42d4-b9b6-5c9b47f9bb5d_electronic', 'jpg']",electronic,2d7f5fd0-1b59-42d4-b9b6-5c9b47f9bb5d,4,0,1.09
201,"['2000_336917ad-16ee-40ec-91a2-7c0cb654051b_country', 'jpg']",country,336917ad-16ee-40ec-91a2-7c0cb654051b,4,0,1.09
202,"['2000_459e1739-d8c4-4386-a176-5f934aabf9f6_pop', 'jpg']",pop,459e1739-d8c4-4386-a176-5f934aabf9f6,4,0,1.09
203,"['2000_47a57cb6-e676-4502-985c-2d9c475ac9ec_hip-hop', 'jpg']",hip-hop,47a57cb6-e676-4502-985c-2d9c475ac9ec,4,0,1.09
204,"['2000_534b6c59-1838-40d3-8bdf-e218e822c740_electronic', 'jpg']",electronic,534b6c59-1838-40d3-8bdf-e218e822c740,4,0,1.09
205,"['2000_566eb3d5-5884-4965-8cc1-40f5d64fcfc3_pop', 'jpg']",pop,566eb3d5-5884-4965-8cc1-40f5d64fcfc3,4,0,1.09
206,"['2000_5bc069ce-749a-4c88-a3d6-bbb9fa9642c2_electronic', 'jpg']",electronic,5bc069ce-749a-4c88-a3d6-bbb9fa9642c2,4,0,1.09
207,"['2000_65bbd028-3343-4943-84a2-ad9fd51350fd_rock', 'jpg']",rock,65bbd028-3343-4943-84a2-ad9fd51350fd,4,0,1.09
208,"['2000_6a0c8924-925e-48ee-96f5-0af82187aa79_rock', 'jpg']",rock,6a0c8924-925e-48ee-96f5-0af82187aa79,4,0,1.09
209,"['2000_6d750833-523d-4dc9-a14a-6d45c9b411ac_country', 'jpg']",country,6d750833-523d-4dc9-a14a-6d45c9b411ac,4,0,1.09
210,"['2000_6df2edfe-cad6-4f74-b660-e782c60f5da5_electronic', 'jpg']",electronic,6df2edfe-cad6-4f74-b660-e782c60f5da5,4,0,1.09
211,"['2000_757c481b-c243-498d-bba9-91dec78a49ec_rock', 'jpg']",rock,757c481b-c243-498d-bba9-91dec78a49ec,4,0,1.09
212,"['2000_79991c08-21fb-4aba-87a6-b681ddf44bf2_hip-hop', 'jpg']",hip-hop,79991c08-21fb-4aba-87a6-b681ddf44bf2,4,0,1.09
213,"['2000_7e0c0c74-1954-4591-98e2-2d26d6ada54c_electronic', 'jpg']",electronic,7e0c0c74-1954-4591-98e2-2d26d6ada54c,4,1,1.09
214,"['2000_829a95a1-c08f-4f28-8012-8daf3504f217_electronic', 'jpg']",electronic,829a95a1-c08f-4f28-8012-8daf3504f217,4,1,1.09
215,"['2000_87a51f1d-f8c2-4fa7-801c-1865e8f80cc3_rock', 'jpg']",rock,87a51f1d-f8c2-4fa7-801c-1865e8f80cc3,4,1,1.09
216,"['2000_920c4420-eb2e-4309-8ad9-b1c15109e86f_pop', 'jpg']",pop,920c4420-eb2e-4309-8ad9-b1c15109e86f,4,0,1.09
217,"['2000_978aad5f-18a8-4ef8-b182-0c38c446d91f_pop', 'jpg']",pop,978aad5f-18a8-4ef8-b182-0c38c446d91f,4,0,1.09
218,"['2000_9df31376-02b2-400c-bc65-83480a28287e_electronic', 'jpg']",electronic,9df31376-02b2-400c-bc65-83480a28287e,4,0,1.09
219,"['2000_a7c54111-057b-4d91-a0ee-f3f30d5fc6ef_electronic', 'jpg']",electronic,a7c54111-057b-4d91-a0ee-f3f30d5fc6ef,4,2,1.09
220,"['2000_b3da1b87-ab9d-4bbd-ab4e-d9c46ef41a7d_country', 'jpg']",country,b3da1b87-ab9d-4bbd-ab4e-d9c46ef41a7d,4,0,1.09
221,"['2000_d1d702b2-a3fc-422d-9c6e-c5d0633b9ecc_rock', 'jpg']",rock,d1d702b2-a3fc-422d-9c6e-c5d0633b9ecc,4,0,1.09
222,"['2000_d9de29b5-24cb-4343-8ce4-a68c2c378423_country', 'jpg']",country,d9de29b5-24cb-4343-8ce4-a68c2c378423,4,0,1.09
223,"['2000_df091849-095e-433f-b451-3adecf294578_electronic', 'jpg']",electronic,df091849-095e-433f-b451-3adecf294578,4,0,1.09
224,"['2000_e022d75b-efad-4e5d-a192-970888da9532_country', 'jpg']",country,e022d75b-efad-4e5d-a192-970888da9532,4,0,1.09
225,"['2000_e301ce16-02f7-4339-8177-5f787559f9ca_hip-hop', 'jpg']",hip-hop,e301ce16-02f7-4339-8177-5f787559f9ca,4,0,1.09
226,"['2000_fec9289e-3a84-4f9f-9553-3d91c2d27ad7_hip-hop', 'jpg']",hip-hop,fec9289e-3a84-4f9f-9553-3d91c2d27ad7,4,0,1.09
227,"['2001_0c378146-0be6-34af-8f0a-95f8d29a5c8c_hip-hop', 'jpg']",hip-hop,0c378146-0be6-34af-8f0a-95f8d29a5c8c,4,1,1.09
228,"['2001_1a806523-6e3f-4ece-ac10-d470fc1d09bf_country', 'jpg']",country,1a806523-6e3f-4ece-ac10-d470fc1d09bf,4,0,1.09
229,"['2001_1dacf76b-e450-4945-b877-c7db83bbadce_rock', 'jpg']",rock,1dacf76b-e450-4945-b877-c7db83bbadce,4,0,1.09
230,"['2001_1f026be6-5446-4a40-8979-40b52dbbd8fa_pop', 'jpg']",pop,1f026be6-5446-4a40-8979-40b52dbbd8fa,4,1,1.09
231,"['2001_2bee1831-f594-486e-bec1-0b213a7d07ee_pop', 'jpg']",pop,2bee1831-f594-486e-bec1-0b213a7d07ee,4,0,1.09
232,"['2001_3749d18e-97f4-4b11-b063-8fa32ac21a99_rock', 'jpg']",rock,3749d18e-97f4-4b11-b063-8fa32ac21a99,4,0,1.09
233,"['2001_44829ec0-a5e9-435f-bbea-ee6ba5c75642_hip-hop', 'jpg']",hip-hop,44829ec0-a5e9-435f-bbea-ee6ba5c75642,4,1,1.09
234,"['2001_529b0a15-e88e-4af3-a0c2-bf05b2e0fbdc_pop', 'jpg']",pop,529b0a15-e88e-4af3-a0c2-bf05b2e0fbdc,4,1,1.09
235,"['2001_55699405-a41f-4835-8ff0-d659808edccd_pop', 'jpg']",pop,55699405-a41f-4835-8ff0-d659808edccd,4,0,1.09
236,"['2001_5d7e08dc-461f-48ad-b27e-ebf35d41bca7_country', 'jpg']",country,5d7e08dc-461f-48ad-b27e-ebf35d41bca7,4,0,1.09
237,"['2001_6803c0ea-0fb7-442a-afb0-b8614c83d038_hip-hop', 'jpg']",hip-hop,6803c0ea-0fb7-442a-afb0-b8614c83d038,4,0,1.09
238,"['2001_6ac5b964-34b5-4609-bfd6-c2aebc5cdebe_rock', 'jpg']",rock,6ac5b964-34b5-4609-bfd6-c2aebc5cdebe,4,0,1.09
239,"['2001_6da289bf-35b6-41b4-8a9d-60c120a1622e_country', 'jpg']",country,6da289bf-35b6-41b4-8a9d-60c120a1622e,4,0,1.09
240,"['2001_73bb810c-5d15-45ef-8de9-65e38b1238f6_electronic', 'jpg']",electronic,73bb810c-5d15-45ef-8de9-65e38b1238f6,4,0,1.09
241,"['2001_8121df2b-ef35-434a-87ae-8770373d6469_pop', 'jpg']",pop,8121df2b-ef35-434a-87ae-8770373d6469,4,0,1.09
242,"['2001_81879848-ce29-407d-a55a-a57e999ca533_pop', 'jpg']",pop,81879848-ce29-407d-a55a-a57e999ca533,4,0,1.09
243,"['2001_83f92cc6-5159-430c-abcb-be1671407c63_pop', 'jpg']",pop,83f92cc6-5159-430c-abcb-be1671407c63,4,0,1.09
244,"['2001_89992355-8ae5-4b7f-b4dd-7cd0650b3580_pop', 'jpg']",pop,89992355-8ae5-4b7f-b4dd-7cd0650b3580,4,0,1.09
245,"['2001_91eb8ddf-5683-4ab2-aa1b-be39d1a65f7c_rock', 'jpg']",rock,91eb8ddf-5683-4ab2-aa1b-be39d1a65f7c,4,1,1.09
246,"['2001_93216356-7f66-4492-9fba-54ab96f0c7bd_hip-hop', 'jpg']",hip-hop,93216356-7f66-4492-9fba-54ab96f0c7bd,4,0,1.09
247,"['2001_970b98dc-e7a4-46fa-9cf6-bb5d450c522d_country', 'jpg']",country,970b98dc-e7a4-46fa-9cf6-bb5d450c522d,4,3,1.09
248,"['2001_9c89067f-9d3d-4880-9a97-13688886e4c5_country', 'jpg']",country,9c89067f-9d3d-4880-9a97-13688886e4c5,4,0,1.09
249,"['2001_bc95cda3-9bc0-4a75-b895-1cd12a0810c8_electronic', 'jpg']",electronic,bc95cda3-9bc0-4a75-b895-1cd12a0810c8,4,0,1.09
250,"['2001_c25f58bd-3a4b-4940-a172-0bf6d0435887_hip-hop', 'jpg']",hip-hop,c25f58bd-3a4b-4940-a172-0bf6d0435887,4,0,1.09
251,"['2001_f4de3bd7-a7f7-4da8-b3e8-927270c38257_hip-hop', 'jpg']",hip-hop,f4de3bd7-a7f7-4da8-b3e8-927270c38257,4,0,1.09
252,"['2001_fb65572a-f91c-43b2-aa8c-e835d2f4d740_electronic', 'jpg']",electronic,fb65572a-f91c-43b2-aa8c-e835d2f4d740,4,0,1.09
253,"['2002_02d63f84-fd12-4611-b612-d8e4b058b5f2_electronic', 'jpg']",electronic,02d63f84-fd12-4611-b612-d8e4b058b5f2,4,0,1.09
254,"['2002_167b51f4-1f76-4bf0-8626-fe4e93bb993f_rock', 'jpg']",rock,167b51f4-1f76-4bf0-8626-fe4e93bb993f,4,1,1.09
255,"['2002_3406f8a6-b047-4e64-9175-0ffba399e1e7_hip-hop', 'jpg']",hip-hop,3406f8a6-b047-4e64-9175-0ffba399e1e7,4,1,1.09
256,"['2002_3447c003-0b5d-34a2-bf89-23a1b8c7ba43_pop', 'jpg']",pop,3447c003-0b5d-34a2-bf89-23a1b8c7ba43,4,1,1.09
257,"['2002_4f0e5075-047a-4103-9ba1-d5f99f99d36c_country', 'jpg']",country,4f0e5075-047a-4103-9ba1-d5f99f99d36c,4,0,1.09
258,"['2002_576deb93-2d48-4304-b649-4202223f317b_rock', 'jpg']",rock,576deb93-2d48-4304-b649-4202223f317b,4,0,1.09
259,"['2002_662ca343-80a2-4913-9cb3-01b09107bd90_rock', 'jpg']",rock,662ca343-80a2-4913-9cb3-01b09107bd90,4,1,1.09
260,"['2002_67cf06d4-c23f-4720-9d08-aecea1e22b79_pop', 'jpg']",pop,67cf06d4-c23f-4720-9d08-aecea1e22b79,4,3,1.09
261,"['2002_708f085d-210a-4b81-9f31-51130dc11d1c_pop', 'jpg']",pop,708f085d-210a-4b81-9f31-51130dc11d1c,4,0,1.09
262,"['2002_75b18e80-d108-4055-b26a-79ce08728d45_hip-hop', 'jpg']",hip-hop,75b18e80-d108-4055-b26a-79ce08728d45,4,1,1.09
263,"['2002_7b4dbfb2-0a09-44f2-9b6f-be5578f0b534_country', 'jpg']",country,7b4dbfb2-0a09-44f2-9b6f-be5578f0b534,4,0,1.09
264,"['2002_8303a23b-cc32-4383-973d-c418bee0ddd5_rock', 'jpg']",rock,8303a23b-cc32-4383-973d-c418bee0ddd5,4,0,1.09
265,"['2002_85d128ea-d0a5-471d-b982-b25664cfaff7_hip-hop', 'jpg']",hip-hop,85d128ea-d0a5-471d-b982-b25664cfaff7,4,1,1.09
266,"['2002_8b717570-1fc5-41cc-b05a-b0354414679a_rock', 'jpg']",rock,8b717570-1fc5-41cc-b05a-b0354414679a,4,1,1.09
267,"['2002_9a1e5f83-4be0-48ff-8477-dce2e73a2ace_pop', 'jpg']",pop,9a1e5f83-4be0-48ff-8477-dce2e73a2ace,4,0,1.09
268,"['2002_9e327a6d-4cbd-4068-a647-896069a7e2a0_rock', 'jpg']",rock,9e327a6d-4cbd-4068-a647-896069a7e2a0,4,0,1.09
269,"['2002_a020be63-0c14-404d-bdaf-96f3583dafd2_electronic', 'jpg']",electronic,a020be63-0c14-404d-bdaf-96f3583dafd2,4,0,1.09
270,"['2002_c1874f9f-d728-478b-884b-a4077ed70d15_rock', 'jpg']",rock,c1874f9f-d728-478b-884b-a4077ed70d15,4,0,1.09
271,"['2002_c6ee44b4-b822-40a3-b550-a9dda17802cf_pop', 'jpg']",pop,c6ee44b4-b822-40a3-b550-a9dda17802cf,4,0,1.09
272,"['2002_c93f8b71-e341-457f-a680-d9b873219619_rock', 'jpg']",rock,c93f8b71-e341-457f-a680-d9b873219619,4,0,1.09
273,"['2002_cd31e6f9-152d-45c4-ae33-431266a19e82_pop', 'jpg']",pop,cd31e6f9-152d-45c4-ae33-431266a19e82,4,0,1.09
274,"['2002_cf2823eb-9fbd-46a7-af5c-9e4455277c62_rock', 'jpg']",rock,cf2823eb-9fbd-46a7-af5c-9e4455277c62,4,1,1.09
275,"['2002_d24e7761-a7c4-48f6-bd0a-8fa892147191_country', 'jpg']",country,d24e7761-a7c4-48f6-bd0a-8fa892147191,4,0,1.09
276,"['2002_d50a57de-6ee5-4eb3-89de-ec8c08b9fa12_hip-hop', 'jpg']",hip-hop,d50a57de-6ee5-4eb3-89de-ec8c08b9fa12,4,1,1.09
277,"['2002_e00f79af-9ab5-44b4-87d6-0edcf919339f_hip-hop', 'jpg']",hip-hop,e00f79af-9ab5-44b4-87d6-0edcf919339f,4,0,1.09
278,"['2002_e27f633e-f508-4c32-98db-a68eba043e90_hip-hop', 'jpg']",hip-hop,e27f633e-f508-4c32-98db-a68eba043e90,4,1,1.09
279,"['2002_e99114cc-85a3-4923-af1d-fab56aebdfd9_rock', 'jpg']",rock,e99114cc-85a3-4923-af1d-fab56aebdfd9,4,0,1.09
280,"['2002_ec1da0fc-d7f4-417f-abaf-19c3919f5b85_rock', 'jpg']",rock,ec1da0fc-d7f4-417f-abaf-19c3919f5b85,4,0,1.09
281,"['2002_f0d5ab53-cfa7-4877-bf43-6348c348eb7f_country', 'jpg']",country,f0d5ab53-cfa7-4877-bf43-6348c348eb7f,4,0,1.09
282,"['2003_0c5f99da-3386-41aa-b28e-7bde860dad04_rock', 'jpg']",rock,0c5f99da-3386-41aa-b28e-7bde860dad04,4,1,1.09
283,"['2003_161414b6-530a-4987-9b01-e496bb1f581a_country', 'jpg']",country,161414b6-530a-4987-9b01-e496bb1f581a,4,1,1.09
284,"['2003_1dde490b-06ba-41f0-b9c9-32283416ccda_rock', 'jpg']",rock,1dde490b-06ba-41f0-b9c9-32283416ccda,4,1,1.09
285,"['2003_27a2ff98-b36e-4897-959d-851bdfdfc81f_hip-hop', 'jpg']",hip-hop,27a2ff98-b36e-4897-959d-851bdfdfc81f,4,1,1.09
286,"['2003_345eee80-84f0-4f12-8c72-807d7e5038ed_electronic', 'jpg']",electronic,345eee80-84f0-4f12-8c72-807d7e5038ed,4,1,1.09
287,"['2003_3553a37d-92cd-3d5a-bd6f-0191713daa91_rock', 'jpg']",rock,3553a37d-92cd-3d5a-bd6f-0191713daa91,4,0,1.09
288,"['2003_3c0995a3-978e-48e8-8ff6-01a7b501228e_electronic', 'jpg']",electronic,3c0995a3-978e-48e8-8ff6-01a7b501228e,4,0,1.09
289,"['2003_41e7289c-9db7-4a4e-9bfb-54e0a81ba57c_hip-hop', 'jpg']",hip-hop,41e7289c-9db7-4a4e-9bfb-54e0a81ba57c,4,0,1.09
290,"['2003_4280a2de-5ed0-357a-909e-92fed90dce09_hip-hop', 'jpg']",hip-hop,4280a2de-5ed0-357a-909e-92fed90dce09,4,0,1.09
291,"['2003_5657f5dc-d0df-41f4-8134-12df29236c22_pop', 'jpg']",pop,5657f5dc-d0df-41f4-8134-12df29236c22,4,0,1.09
292,"['2003_731fd3d3-10ea-4a41-9e6d-871488e53f54_electronic', 'jpg']",electronic,731fd3d3-10ea-4a41-9e6d-871488e53f54,4,0,1.09
293,"['2003_780902b9-e89f-473f-8616-7d27c0d3f22c_pop', 'jpg']",pop,780902b9-e89f-473f-8616-7d27c0d3f22c,4,1,1.09
294,"['2003_7ed462e2-6bab-4a60-8875-41f217b699dc_pop', 'jpg']",pop,7ed462e2-6bab-4a60-8875-41f217b699dc,4,0,1.09
295,"['2003_81e6ae73-ac28-4e45-a350-62ec44049c80_electronic', 'jpg']",electronic,81e6ae73-ac28-4e45-a350-62ec44049c80,4,0,1.09
296,"['2003_85989de3-a24d-4f68-b170-9d6631042e45_country', 'jpg']",country,85989de3-a24d-4f68-b170-9d6631042e45,4,0,1.09
297,"['2003_9c24605d-c777-4e41-8cdf-e246b49ae643_electronic', 'jpg']",electronic,9c24605d-c777-4e41-8cdf-e246b49ae643,4,1,1.09
298,"['2003_a9e929ac-5a2b-4e7b-9718-adc2cbe17f99_country', 'jpg']",country,a9e929ac-5a2b-4e7b-9718-adc2cbe17f99,4,0,1.09
299,"['2003_a9fbae55-7780-4868-9363-2caebfaea5ba_rock', 'jpg']",rock,a9fbae55-7780-4868-9363-2caebfaea5ba,4,0,1.09
300,"['2003_b4a7df4f-2a4c-4554-b24e-98e190f60345_country', 'jpg']",country,b4a7df4f-2a4c-4554-b24e-98e190f60345,4,0,1.09
301,"['2003_c0e58077-b627-4130-bb95-c6e3659469d9_country', 'jpg']",country,c0e58077-b627-4130-bb95-c6e3659469d9,4,0,1.09
302,"['2003_c25b0906-b5ab-495c-8979-fdda63c231a9_country', 'jpg']",country,c25b0906-b5ab-495c-8979-fdda63c231a9,4,0,1.09
303,"['2003_c382865c-1a47-4650-97be-e8e12272e211_country', 'jpg']",country,c382865c-1a47-4650-97be-e8e12272e211,4,0,1.09
304,"['2003_c9f2922b-3334-452a-b745-334724bf4830_pop', 'jpg']",pop,c9f2922b-3334-452a-b745-334724bf4830,4,0,1.09
305,"['2003_d1727eed-2480-43d8-aa97-e980f365224d_electronic', 'jpg']",electronic,d1727eed-2480-43d8-aa97-e980f365224d,4,0,1.09
306,"['2003_d5f90194-031d-4192-88f5-9bb89ce632bd_electronic', 'jpg']",electronic,d5f90194-031d-4192-88f5-9bb89ce632bd,4,0,1.09
307,"['2003_dc45d5c5-c6ea-4645-ba49-757642a8c2b5_rock', 'jpg']",rock,dc45d5c5-c6ea-4645-ba49-757642a8c2b5,4,1,1.09
308,"['2003_dcc9ac72-5226-4d11-bd61-872e0be24545_hip-hop', 'jpg']",hip-hop,dcc9ac72-5226-4d11-bd61-872e0be24545,4,0,1.09
309,"['2003_de1fbef7-d6cb-4e87-bb8d-5fb084b8b58b_country', 'jpg']",country,de1fbef7-d6cb-4e87-bb8d-5fb084b8b58b,4,0,1.09
310,"['2003_ea5a35c8-4192-4bd9-af6b-dd244197a8e5_rock', 'jpg']",rock,ea5a35c8-4192-4bd9-af6b-dd244197a8e5,4,0,1.09
311,"['2003_f954f852-11e3-46be-ad30-fd3de8e8a5e4_hip-hop', 'jpg']",hip-hop,f954f852-11e3-46be-ad30-fd3de8e8a5e4,4,0,1.09
312,"['2003_fea30be1-e7c0-4fd2-ae80-c8d06c8d6326_hip-hop', 'jpg']",hip-hop,fea30be1-e7c0-4fd2-ae80-c8d06c8d6326,4,1,1.09
313,"['2004_15d7a651-3550-442e-bd48-acbed0efb901_electronic', 'jpg']",electronic,15d7a651-3550-442e-bd48-acbed0efb901,4,0,1.09
314,"['2004_196e0ccc-8976-45af-a865-b109218539c3_rock', 'jpg']",rock,196e0ccc-8976-45af-a865-b109218539c3,4,0,1.09
315,"['2004_1e400551-b1cc-4077-bc82-844b58ef13b4_electronic', 'jpg']",electronic,1e400551-b1cc-4077-bc82-844b58ef13b4,4,2,1.09
316,"['2004_1fc32de4-cedd-4569-9e71-372d469d96e6_rock', 'jpg']",rock,1fc32de4-cedd-4569-9e71-372d469d96e6,4,1,1.09
317,"['2004_495c9999-ebd7-44ab-a631-f3c626b17246_electronic', 'jpg']",electronic,495c9999-ebd7-44ab-a631-f3c626b17246,4,0,1.09
318,"['2004_4d48cb3e-cb7e-487f-a538-c309bd754877_pop', 'jpg']",pop,4d48cb3e-cb7e-487f-a538-c309bd754877,4,0,1.09
319,"['2004_5ea95501-8ae3-461c-b4ec-c9aa83e61fc9_electronic', 'jpg']",electronic,5ea95501-8ae3-461c-b4ec-c9aa83e61fc9,4,0,1.09
320,"['2004_74ef9d9e-298b-460a-8730-5222f4eb2374_pop', 'jpg']",pop,74ef9d9e-298b-460a-8730-5222f4eb2374,4,0,1.09
321,"['2004_7992c871-d621-446e-a364-c8c0aec3f769_electronic', 'jpg']",electronic,7992c871-d621-446e-a364-c8c0aec3f769,4,0,1.09
322,"['2004_8d98da87-6191-4bc5-83d9-800ff42a7b27_country', 'jpg']",country,8d98da87-6191-4bc5-83d9-800ff42a7b27,4,0,1.09
323,"['2004_94638975-a7ed-4d4b-be00-960c89c55027_hip-hop', 'jpg']",hip-hop,94638975-a7ed-4d4b-be00-960c89c55027,4,3,1.09
324,"['2004_9577d663-00f4-4ecc-a38c-0c5c1b62bb30_electronic', 'jpg']",electronic,9577d663-00f4-4ecc-a38c-0c5c1b62bb30,4,0,1.09
325,"['2004_99ffd1a9-45bf-4f5c-92e2-a4b22e0ba85c_hip-hop', 'jpg']",hip-hop,99ffd1a9-45bf-4f5c-92e2-a4b22e0ba85c,4,4,1.09
326,"['2004_9b88cf3e-4077-4c1b-b5c2-148a7c7066c2_pop', 'jpg']",pop,9b88cf3e-4077-4c1b-b5c2-148a7c7066c2,4,1,1.09
327,"['2004_a5727d40-4f38-49df-a3f0-13b619ed4814_hip-hop', 'jpg']",hip-hop,a5727d40-4f38-49df-a3f0-13b619ed4814,4,0,1.09
328,"['2004_b32b3292-55db-4883-adaf-786171f381a1_pop', 'jpg']",pop,b32b3292-55db-4883-adaf-786171f381a1,4,0,1.09
329,"['2004_bbfd46c9-8647-473d-8382-917920724ea1_rock', 'jpg']",rock,bbfd46c9-8647-473d-8382-917920724ea1,4,0,1.09
330,"['2004_be4c8191-7b29-4667-98ff-962059c3c486_hip-hop', 'jpg']",hip-hop,be4c8191-7b29-4667-98ff-962059c3c486,4,0,1.09
331,"['2004_c4cf23d5-c0f6-49f8-b892-87f044f377e1_hip-hop', 'jpg']",hip-hop,c4cf23d5-c0f6-49f8-b892-87f044f377e1,4,2,1.09
332,"['2004_cdd3e963-3ef7-484e-b266-3f2d5d631b3b_pop', 'jpg']",pop,cdd3e963-3ef7-484e-b266-3f2d5d631b3b,4,0,1.09
333,"['2004_d145e18a-6cbe-434b-82fe-dd680d45b060_pop', 'jpg']",pop,d145e18a-6cbe-434b-82fe-dd680d45b060,4,1,1.09
334,"['2004_d22a36ce-2a5d-48d3-a3f6-4c226a8fac26_pop', 'jpg']",pop,d22a36ce-2a5d-48d3-a3f6-4c226a8fac26,4,0,1.09
335,"['2004_d9d6d2d0-8552-4c12-982d-49cc6a4d7a7e_pop', 'jpg']",pop,d9d6d2d0-8552-4c12-982d-49cc6a4d7a7e,4,1,1.09
336,"['2004_db04b015-973a-4fe4-8b1a-2ac0ce0a248e_pop', 'jpg']",pop,db04b015-973a-4fe4-8b1a-2ac0ce0a248e,4,0,1.09
337,"['2004_db1f317d-7c44-474b-9be6-3302eb52fcb2_country', 'jpg']",country,db1f317d-7c44-474b-9be6-3302eb52fcb2,4,1,1.09
338,"['2004_e90554b3-6ad4-4359-b917-85a22fcc0753_pop', 'jpg']",pop,e90554b3-6ad4-4359-b917-85a22fcc0753,4,0,1.09
339,"['2004_ea074fb8-888d-42a0-b2f9-d73b0039f5c0_rock', 'jpg']",rock,ea074fb8-888d-42a0-b2f9-d73b0039f5c0,4,1,1.09
340,"['2004_f4bf1058-372d-42c2-bcd0-d1a501cf1428_electronic', 'jpg']",electronic,f4bf1058-372d-42c2-bcd0-d1a501cf1428,4,0,1.09
341,"['2005_091786c8-db0d-4ce9-8a60-f13bda4abfd9_hip-hop', 'jpg']",hip-hop,091786c8-db0d-4ce9-8a60-f13bda4abfd9,4,0,1.09
342,"['2005_0b98781c-a8ec-4a9e-a4ed-0fdfd1033ced_hip-hop', 'jpg']",hip-hop,0b98781c-a8ec-4a9e-a4ed-0fdfd1033ced,4,0,1.09
343,"['2005_0f69648e-04c6-3082-9cd2-f973cb191781_rock', 'jpg']",rock,0f69648e-04c6-3082-9cd2-f973cb191781,4,0,1.09
344,"['2005_1915dbf5-31f1-486d-891d-9bdc92935cd9_hip-hop', 'jpg']",hip-hop,1915dbf5-31f1-486d-891d-9bdc92935cd9,4,0,1.09
345,"['2005_22c7b8ee-a6a6-4818-a9a7-843fbb2c9d03_pop', 'jpg']",pop,22c7b8ee-a6a6-4818-a9a7-843fbb2c9d03,4,1,1.09
346,"['2005_240fd4f6-217a-47f3-a81a-90a08d4cc360_hip-hop', 'jpg']",hip-hop,240fd4f6-217a-47f3-a81a-90a08d4cc360,4,0,1.09
347,"['2005_25b6299e-1ab1-440b-b204-5306b399d5c6_hip-hop', 'jpg']",hip-hop,25b6299e-1ab1-440b-b204-5306b399d5c6,4,0,1.09
348,"['2005_26f618e5-3259-4e4e-94ca-5df54bd1469d_electronic', 'jpg']",electronic,26f618e5-3259-4e4e-94ca-5df54bd1469d,4,0,1.09
349,"['2005_30214efe-bc85-48c3-b5a1-39d50fd3dd11_rock', 'jpg']",rock,30214efe-bc85-48c3-b5a1-39d50fd3dd11,4,0,1.09
350,"['2005_3a131446-032a-4190-a101-72f85d65a5bb_hip-hop', 'jpg']",hip-hop,3a131446-032a-4190-a101-72f85d65a5bb,4,0,1.09
351,"['2005_489287ff-44ee-4e14-9653-3a257980d728_pop', 'jpg']",pop,489287ff-44ee-4e14-9653-3a257980d728,4,0,1.09
352,"['2005_6692240d-55c2-471f-8b9e-f4b5f575e2d1_rock', 'jpg']",rock,6692240d-55c2-471f-8b9e-f4b5f575e2d1,4,0,1.09
353,"['2005_6ac9f4c6-3f11-44e6-872a-5ae6fa8b15fe_electronic', 'jpg']",electronic,6ac9f4c6-3f11-44e6-872a-5ae6fa8b15fe,4,0,1.09
354,"['2005_6eb585f4-b80c-452a-9bc5-149ad3b90e78_rock', 'jpg']",rock,6eb585f4-b80c-452a-9bc5-149ad3b90e78,4,0,1.09
355,"['2005_71330c9f-b5d1-4204-9fa0-c0cc63d4054e_hip-hop', 'jpg']",hip-hop,71330c9f-b5d1-4204-9fa0-c0cc63d4054e,4,0,1.09
356,"['2005_73432ed1-f2c5-47cb-8bcd-cf4970a73bad_electronic', 'jpg']",electronic,73432ed1-f2c5-47cb-8bcd-cf4970a73bad,4,0,1.09
357,"['2005_776dd212-5050-4c76-88bc-089d9a51369d_hip-hop', 'jpg']",hip-hop,776dd212-5050-4c76-88bc-089d9a51369d,4,0,1.09
358,"['2005_78e0a82c-f6e3-45fe-8f5c-190ae91bf357_rock', 'jpg']",rock,78e0a82c-f6e3-45fe-8f5c-190ae91bf357,4,0,1.09
359,"['2005_7f634e83-03a4-4ef1-aaa2-b520e4415e6b_rock', 'jpg']",rock,7f634e83-03a4-4ef1-aaa2-b520e4415e6b,4,0,1.09
360,"['2005_8c7383c8-2020-4cae-9a6e-74acbb22c7bf_country', 'jpg']",country,8c7383c8-2020-4cae-9a6e-74acbb22c7bf,4,0,1.09
361,"['2005_96ec45d1-859f-4179-a59c-d7b4faef77f0_rock', 'jpg']",rock,96ec45d1-859f-4179-a59c-d7b4faef77f0,4,0,1.09
362,"['2005_98450cf0-1972-403c-ab5f-318003cc6c6c_hip-hop', 'jpg']",hip-hop,98450cf0-1972-403c-ab5f-318003cc6c6c,4,2,1.09
363,"['2005_a42b2f39-dd6c-4db0-896f-456d2ad0c474_hip-hop', 'jpg']",hip-hop,a42b2f39-dd6c-4db0-896f-456d2ad0c474,4,0,1.09
364,"['2005_aae883ce-905d-4b1b-8440-037e4102bf7a_country', 'jpg']",country,aae883ce-905d-4b1b-8440-037e4102bf7a,4,0,1.09
365,"['2005_abba4d7c-b9d5-3259-b4d9-fe43a6f23c30_pop', 'jpg']",pop,abba4d7c-b9d5-3259-b4d9-fe43a6f23c30,4,2,1.09
366,"['2005_ca485ab0-da87-4fdf-9564-6664f23a7945_rock', 'jpg']",rock,ca485ab0-da87-4fdf-9564-6664f23a7945,4,1,1.09
367,"['2005_d05c7c9a-a636-4b12-ac6b-c1de3a56bc65_pop', 'jpg']",pop,d05c7c9a-a636-4b12-ac6b-c1de3a56bc65,4,0,1.09
368,"['2005_d17140f6-62b7-4fc6-a066-907be5f6e70c_rock', 'jpg']",rock,d17140f6-62b7-4fc6-a066-907be5f6e70c,4,0,1.09
369,"['2005_d1918911-da23-4c5b-8a1d-31c69731110b_hip-hop', 'jpg']",hip-hop,d1918911-da23-4c5b-8a1d-31c69731110b,4,0,1.09
370,"['2005_ede858b2-0b08-4944-bc2e-88dc50f8ba9f_pop', 'jpg']",pop,ede858b2-0b08-4944-bc2e-88dc50f8ba9f,4,0,1.09
371,"['2005_f03e1045-590b-3853-8b75-0fc0e6698187_country', 'jpg']",country,f03e1045-590b-3853-8b75-0fc0e6698187,4,0,1.09
372,"['2005_fa0d5bfc-58c9-43c2-aea3-fa0edb56e83f_country', 'jpg']",country,fa0d5bfc-58c9-43c2-aea3-fa0edb56e83f,4,0,1.09
373,"['2005_fc648794-6666-4a13-83e3-0f20dc8a4c0c_electronic', 'jpg']",electronic,fc648794-6666-4a13-83e3-0f20dc8a4c0c,4,1,1.09
374,"['2006_01bbbb06-115a-4993-b28e-9e30dea19184_country', 'jpg']",country,01bbbb06-115a-4993-b28e-9e30dea19184,4,3,1.09
375,"['2006_07209a3d-955d-4889-ac8a-8b54a0f744d3_hip-hop', 'jpg']",hip-hop,07209a3d-955d-4889-ac8a-8b54a0f744d3,4,0,1.09
376,"['2006_1deab224-1c7c-45b1-a081-8f9f4655c0fe_hip-hop', 'jpg']",hip-hop,1deab224-1c7c-45b1-a081-8f9f4655c0fe,4,0,1.09
377,"['2006_2531f259-9f0e-4424-9c5b-e2275bd42239_pop', 'jpg']",pop,2531f259-9f0e-4424-9c5b-e2275bd42239,4,0,1.09
378,"['2006_2c8efc87-84d5-4519-8898-934c82c6bf46_rock', 'jpg']",rock,2c8efc87-84d5-4519-8898-934c82c6bf46,4,1,1.09
379,"['2006_2ef79631-26b6-4b63-b55c-8863394003cc_electronic', 'jpg']",electronic,2ef79631-26b6-4b63-b55c-8863394003cc,4,1,1.09
380,"['2006_39790482-0def-4b62-8daf-7cb8051aa71b_electronic', 'jpg']",electronic,39790482-0def-4b62-8daf-7cb8051aa71b,4,0,1.09
381,"['2006_441a4aea-4451-419a-98dc-2b5fe242dc04_electronic', 'jpg']",electronic,441a4aea-4451-419a-98dc-2b5fe242dc04,4,0,1.09
382,"['2006_45090fb9-77ab-3a0f-b6fd-37f6db33c2aa_rock', 'jpg']",rock,45090fb9-77ab-3a0f-b6fd-37f6db33c2aa,4,1,1.09
383,"['2006_47c4a416-cf8b-44b2-ae05-7f810c6e149e_electronic', 'jpg']",electronic,47c4a416-cf8b-44b2-ae05-7f810c6e149e,4,0,1.09
384,"['2006_49133b41-e394-34cd-91b0-3795f9208bf3_electronic', 'jpg']",electronic,49133b41-e394-34cd-91b0-3795f9208bf3,4,0,1.09
385,"['2006_4d7cc51a-28fe-4f4c-8b5a-f91a12ee00e3_electronic', 'jpg']",electronic,4d7cc51a-28fe-4f4c-8b5a-f91a12ee00e3,4,0,1.09
386,"['2006_4e390c3e-a1eb-4e20-9679-8d52ca76dee6_hip-hop', 'jpg']",hip-hop,4e390c3e-a1eb-4e20-9679-8d52ca76dee6,4,1,1.09
387,"['2006_57172fbc-f0dd-4a14-9e97-d7d366f90e01_electronic', 'jpg']",electronic,57172fbc-f0dd-4a14-9e97-d7d366f90e01,4,2,1.09
388,"['2006_650ae81b-89d2-46cf-a3f6-be34046a7303_hip-hop', 'jpg']",hip-hop,650ae81b-89d2-46cf-a3f6-be34046a7303,4,0,1.09
389,"['2006_69ffac87-4f95-47ba-8826-a9ae8e643f61_electronic', 'jpg']",electronic,69ffac87-4f95-47ba-8826-a9ae8e643f61,4,0,1.09
390,"['2006_6a76b16c-be39-3175-a4e8-8ed2ac969a6d_rock', 'jpg']",rock,6a76b16c-be39-3175-a4e8-8ed2ac969a6d,4,0,1.09
391,"['2006_6a902bb8-31bd-32a9-bef2-31cdfff84082_pop', 'jpg']",pop,6a902bb8-31bd-32a9-bef2-31cdfff84082,4,0,1.09
392,"['2006_6bb236f1-4c11-3308-bae0-804a90ae347b_pop', 'jpg']",pop,6bb236f1-4c11-3308-bae0-804a90ae347b,4,0,1.09
393,"['2006_7e1cceaf-cfe8-44a5-bc4e-35505940e8f6_country', 'jpg']",country,7e1cceaf-cfe8-44a5-bc4e-35505940e8f6,4,0,1.09
394,"['2006_823d0afc-b1ff-4be2-b995-47565a417005_pop', 'jpg']",pop,823d0afc-b1ff-4be2-b995-47565a417005,4,0,1.09
395,"['2006_82f14d3d-094c-4c93-8892-51d5099f6872_rock', 'jpg']",rock,82f14d3d-094c-4c93-8892-51d5099f6872,4,0,1.09
396,"['2006_84d537c0-bc24-43dc-ba55-377c25e9c17a_rock', 'jpg']",rock,84d537c0-bc24-43dc-ba55-377c25e9c17a,4,2,1.09
397,"['2006_9393e707-e105-42b5-aaac-c2a524a7a589_country', 'jpg']",country,9393e707-e105-42b5-aaac-c2a524a7a589,4,0,1.09
398,"['2006_97b97ec9-8b73-3a0d-aa3c-bd5ae117453e_electronic', 'jpg']",electronic,97b97ec9-8b73-3a0d-aa3c-bd5ae117453e,4,0,1.09
399,"['2006_9820fea9-39da-3e96-830a-202b6cde8253_pop', 'jpg']",pop,9820fea9-39da-3e96-830a-202b6cde8253,4,1,1.09
400,"['2006_a047b949-977d-4f8e-ad97-c7fdd621fe79_hip-hop', 'jpg']",hip-hop,a047b949-977d-4f8e-ad97-c7fdd621fe79,4,0,1.09
401,"['2006_af3388d9-3416-4dfc-9453-8927f5b0a0bf_electronic', 'jpg']",electronic,af3388d9-3416-4dfc-9453-8927f5b0a0bf,4,0,1.09
402,"['2006_afdcccfe-5188-4718-b238-a6145487afba_pop', 'jpg']",pop,afdcccfe-5188-4718-b238-a6145487afba,4,0,1.09
403,"['2006_b0beb1c8-1ed7-3dda-a77a-ad48fde73104_pop', 'jpg']",pop,b0beb1c8-1ed7-3dda-a77a-ad48fde73104,4,0,1.09
404,"['2006_b5d8192f-6924-4e2c-952b-b10b69eb2cfa_electronic', 'jpg']",electronic,b5d8192f-6924-4e2c-952b-b10b69eb2cfa,4,0,1.09
405,"['2006_bb572612-98ed-4cea-8893-2cdc5dee7c81_country', 'jpg']",country,bb572612-98ed-4cea-8893-2cdc5dee7c81,4,4,1.09
406,"['2006_bd18c7e3-7248-4f68-90f7-f5f0c4c491ac_country', 'jpg']",country,bd18c7e3-7248-4f68-90f7-f5f0c4c491ac,4,0,1.09
407,"['2006_cc491072-7ed0-40c1-a36b-4499e86de2b5_hip-hop', 'jpg']",hip-hop,cc491072-7ed0-40c1-a36b-4499e86de2b5,4,1,1.09
408,"['2006_d61a6676-7851-4a10-811a-cb9aaed06d23_pop', 'jpg']",pop,d61a6676-7851-4a10-811a-cb9aaed06d23,4,0,1.09
409,"['2006_daf41569-527f-4ab1-8cda-d28a438873cc_electronic', 'jpg']",electronic,daf41569-527f-4ab1-8cda-d28a438873cc,4,0,1.09
410,"['2006_dd54d9da-975d-4b47-bbc4-c809f99f9426_country', 'jpg']",country,dd54d9da-975d-4b47-bbc4-c809f99f9426,4,0,1.09
411,"['2006_e30870f0-4c78-4465-98ed-40077948a650_rock', 'jpg']",rock,e30870f0-4c78-4465-98ed-40077948a650,4,0,1.09
412,"['2006_e403facd-913e-4ab4-a8b4-d397c79550e2_electronic', 'jpg']",electronic,e403facd-913e-4ab4-a8b4-d397c79550e2,4,0,1.09
413,"['2006_e8bd2c33-ff7d-40dd-84ba-c016d8d08c7b_country', 'jpg']",country,e8bd2c33-ff7d-40dd-84ba-c016d8d08c7b,4,1,1.09
414,"['2006_efe4802f-5faf-39b2-8e62-ea01b9906460_country', 'jpg']",country,efe4802f-5faf-39b2-8e62-ea01b9906460,4,0,1.09
415,"['2006_f7b5f3c0-a688-4433-85bf-f478ddf5edff_hip-hop', 'jpg']",hip-hop,f7b5f3c0-a688-4433-85bf-f478ddf5edff,4,1,1.09
416,"['2007_0194abe3-f137-3757-b639-2566af63036d_electronic', 'jpg']",electronic,0194abe3-f137-3757-b639-2566af63036d,4,0,1.09
417,"['2007_07d28133-913d-4121-9f5a-a96f991c3733_electronic', 'jpg']",electronic,07d28133-913d-4121-9f5a-a96f991c3733,4,3,1.09
418,"['2007_13742f8b-d981-48b5-b1e0-1acb3e21d520_electronic', 'jpg']",electronic,13742f8b-d981-48b5-b1e0-1acb3e21d520,4,0,1.09
419,"['2007_14ccf0a8-9085-4713-97f9-e9da16dbed2f_electronic', 'jpg']",electronic,14ccf0a8-9085-4713-97f9-e9da16dbed2f,4,0,1.09
420,"['2007_163ecae4-6bb7-479d-8e90-92aa03cb79bc_country', 'jpg']",country,163ecae4-6bb7-479d-8e90-92aa03cb79bc,4,1,1.09
421,"['2007_17a635c3-c8ec-4dbd-a438-5e540d49e3a3_pop', 'jpg']",pop,17a635c3-c8ec-4dbd-a438-5e540d49e3a3,4,0,1.09
422,"['2007_24a08714-2e03-4798-b739-d9a2cc5bf5f2_pop', 'jpg']",pop,24a08714-2e03-4798-b739-d9a2cc5bf5f2,4,0,1.09
423,"['2007_29f32ce1-8b4c-4757-bd11-d9a072fc11db_rock', 'jpg']",rock,29f32ce1-8b4c-4757-bd11-d9a072fc11db,4,1,1.09
424,"['2007_331b3e8d-c13d-4664-b066-2c455c77ffd2_country', 'jpg']",country,331b3e8d-c13d-4664-b066-2c455c77ffd2,4,0,1.09
425,"['2007_3a2c6c46-5b25-4690-8bde-d4ce9f4d211f_hip-hop', 'jpg']",hip-hop,3a2c6c46-5b25-4690-8bde-d4ce9f4d211f,4,0,1.09
426,"['2007_3a65e08a-a077-4fcf-b81b-901fa9104fc8_rock', 'jpg']",rock,3a65e08a-a077-4fcf-b81b-901fa9104fc8,4,1,1.09
427,"['2007_3bfea784-6dfd-48bc-9f0a-c280d591f8f9_pop', 'jpg']",pop,3bfea784-6dfd-48bc-9f0a-c280d591f8f9,4,0,1.09
428,"['2007_3e5abaf6-faca-4d56-b272-d6931e1bd164_country', 'jpg']",country,3e5abaf6-faca-4d56-b272-d6931e1bd164,4,0,1.09
429,"['2007_437a177e-71a7-4cc3-9af4-f6fad7636fdc_pop', 'jpg']",pop,437a177e-71a7-4cc3-9af4-f6fad7636fdc,4,0,1.09
430,"['2007_47949ab9-3cbd-4fe0-8e6a-46539a6cae80_electronic', 'jpg']",electronic,47949ab9-3cbd-4fe0-8e6a-46539a6cae80,4,0,1.09
431,"['2007_4eb56cea-ca17-4f14-bf98-cfdef3947c7f_hip-hop', 'jpg']",hip-hop,4eb56cea-ca17-4f14-bf98-cfdef3947c7f,4,0,1.09
432,"['2007_60e1752d-8eb1-4b53-a2f1-0f3c4226e25d_pop', 'jpg']",pop,60e1752d-8eb1-4b53-a2f1-0f3c4226e25d,4,0,1.09
433,"['2007_6acf7da7-d6e5-4a92-b160-5efe87ed68a7_pop', 'jpg']",pop,6acf7da7-d6e5-4a92-b160-5efe87ed68a7,4,1,1.09
434,"['2007_79373ec3-88b1-4186-815c-1633b0011f75_electronic', 'jpg']",electronic,79373ec3-88b1-4186-815c-1633b0011f75,4,1,1.09
435,"['2007_7cef5d37-90ac-4b7e-8e76-31a02363f431_hip-hop', 'jpg']",hip-hop,7cef5d37-90ac-4b7e-8e76-31a02363f431,4,0,1.09
436,"['2007_805e1717-04f2-39c2-86fb-64d036d63c11_country', 'jpg']",country,805e1717-04f2-39c2-86fb-64d036d63c11,4,0,1.09
437,"['2007_81e0d103-5fbe-4765-8c75-8ba33c30b36b_country', 'jpg']",country,81e0d103-5fbe-4765-8c75-8ba33c30b36b,4,0,1.09
438,"['2007_97f5ade7-e87d-480c-a956-cab764c0a6bf_country', 'jpg']",country,97f5ade7-e87d-480c-a956-cab764c0a6bf,4,0,1.09
439,"['2007_9f33230f-a517-467e-bf7a-dcd13d3e3a71_pop', 'jpg']",pop,9f33230f-a517-467e-bf7a-dcd13d3e3a71,4,0,1.09
440,"['2007_a1307a83-8a01-4e6c-9b69-ba1aa01b9171_country', 'jpg']",country,a1307a83-8a01-4e6c-9b69-ba1aa01b9171,4,0,1.09
441,"['2007_a5d1ef39-09af-45ea-a3d7-8af0a91a691a_hip-hop', 'jpg']",hip-hop,a5d1ef39-09af-45ea-a3d7-8af0a91a691a,4,1,1.09
442,"['2007_b12c60d7-80c9-4391-b885-22dd289759e7_hip-hop', 'jpg']",hip-hop,b12c60d7-80c9-4391-b885-22dd289759e7,4,2,1.09
443,"['2007_bd10b986-eca8-40a9-8ded-dd7804d271fb_hip-hop', 'jpg']",hip-hop,bd10b986-eca8-40a9-8ded-dd7804d271fb,4,1,1.09
444,"['2007_c98a6b0b-dc91-431c-9be1-bbbc74833642_pop', 'jpg']",pop,c98a6b0b-dc91-431c-9be1-bbbc74833642,4,0,1.09
445,"['2007_cc32d408-de18-4a62-a74e-e5f222582d4c_hip-hop', 'jpg']",hip-hop,cc32d408-de18-4a62-a74e-e5f222582d4c,4,2,1.09
446,"['2007_e3c33f03-3324-3ace-b5e2-887dba7795fd_pop', 'jpg']",pop,e3c33f03-3324-3ace-b5e2-887dba7795fd,4,0,1.09
447,"['2007_e4345f70-efb0-4d01-9add-6f8ca578ed4a_hip-hop', 'jpg']",hip-hop,e4345f70-efb0-4d01-9add-6f8ca578ed4a,4,2,1.09
448,"['2007_e50d6802-fa4c-474f-a003-1d00b89f73c3_electronic', 'jpg']",electronic,e50d6802-fa4c-474f-a003-1d00b89f73c3,4,1,1.09
449,"['2007_ee553dec-4f1a-4d55-8146-32151ee4a466_country', 'jpg']",country,ee553dec-4f1a-4d55-8146-32151ee4a466,4,0,1.09
450,"['2007_eefa6f79-d77c-4030-a6ac-52b8e751d38d_electronic', 'jpg']",electronic,eefa6f79-d77c-4030-a6ac-52b8e751d38d,4,0,1.09
451,"['2007_f6b46dc2-2be1-46c4-b50e-e1ff9300e83a_pop', 'jpg']",pop,f6b46dc2-2be1-46c4-b50e-e1ff9300e83a,4,0,1.09
452,"['2008_09d13236-51ed-458a-b752-832868623f04_hip-hop', 'jpg']",hip-hop,09d13236-51ed-458a-b752-832868623f04,4,0,1.09
453,"['2008_15954da7-7d95-4813-abfe-b7c61e4d0975_hip-hop', 'jpg']",hip-hop,15954da7-7d95-4813-abfe-b7c61e4d0975,4,1,1.09
454,"['2008_16c2685c-36cd-475f-bfaf-8ceb8bbd95ee_pop', 'jpg']",pop,16c2685c-36cd-475f-bfaf-8ceb8bbd95ee,4,0,1.09
455,"['2008_1cd772fd-838a-4a20-b1d7-f6d40877a60b_rock', 'jpg']",rock,1cd772fd-838a-4a20-b1d7-f6d40877a60b,4,1,1.09
456,"['2008_2251575e-382f-49f3-8778-2fd3b731db2c_country', 'jpg']",country,2251575e-382f-49f3-8778-2fd3b731db2c,4,0,1.09
457,"['2008_4157e946-dc6d-44bf-b9b5-ecfef34ed73c_electronic', 'jpg']",electronic,4157e946-dc6d-44bf-b9b5-ecfef34ed73c,4,0,1.09
458,"['2008_6155451e-57a5-4ce0-9a91-8a119fbe59cb_hip-hop', 'jpg']",hip-hop,6155451e-57a5-4ce0-9a91-8a119fbe59cb,4,1,1.09
459,"['2008_61fccb9b-a912-4875-8c86-d889518179c9_country', 'jpg']",country,61fccb9b-a912-4875-8c86-d889518179c9,4,0,1.09
460,"['2008_6312f231-415c-4317-b145-460edfce1806_hip-hop', 'jpg']",hip-hop,6312f231-415c-4317-b145-460edfce1806,4,0,1.09
461,"['2008_72c77ef7-aa04-44b2-ada4-ebb718bf53ac_country', 'jpg']",country,72c77ef7-aa04-44b2-ada4-ebb718bf53ac,4,0,1.09
462,"['2008_7db4927b-6dd8-4e78-abc5-ba51ff5cd9d5_country', 'jpg']",country,7db4927b-6dd8-4e78-abc5-ba51ff5cd9d5,4,0,1.09
463,"['2008_853dc35d-8f09-345e-81e7-cee78e6a5c34_pop', 'jpg']",pop,853dc35d-8f09-345e-81e7-cee78e6a5c34,4,0,1.09
464,"['2008_86c91629-9d6c-416b-8b2e-3ba4e6ed0b07_hip-hop', 'jpg']",hip-hop,86c91629-9d6c-416b-8b2e-3ba4e6ed0b07,4,1,1.09
465,"['2008_8fbf22dc-2393-405b-a6d1-71a7e87cfd08_electronic', 'jpg']",electronic,8fbf22dc-2393-405b-a6d1-71a7e87cfd08,4,0,1.09
466,"['2008_9116ee21-a76f-4322-bbef-7545ad3155f7_hip-hop', 'jpg']",hip-hop,9116ee21-a76f-4322-bbef-7545ad3155f7,4,0,1.09
467,"['2008_954f8d9c-b667-4f3b-a6e0-1e00da7e2371_rock', 'jpg']",rock,954f8d9c-b667-4f3b-a6e0-1e00da7e2371,4,3,1.09
468,"['2008_a01c4390-05eb-4192-9f7c-e1a1e5246e96_electronic', 'jpg']",electronic,a01c4390-05eb-4192-9f7c-e1a1e5246e96,4,0,1.09
469,"['2008_a57ef7f3-7cc3-4552-b945-778531ce0c61_electronic', 'jpg']",electronic,a57ef7f3-7cc3-4552-b945-778531ce0c61,4,0,1.09
470,"['2008_ac3c348f-8d12-40bd-8def-7aa67d4946a3_rock', 'jpg']",rock,ac3c348f-8d12-40bd-8def-7aa67d4946a3,4,0,1.09
471,"['2008_b0621012-1b76-4283-9a94-167cb787dbc2_rock', 'jpg']",rock,b0621012-1b76-4283-9a94-167cb787dbc2,4,1,1.09
472,"['2008_b9c004a2-0c3b-4e09-bee3-d147872a9266_electronic', 'jpg']",electronic,b9c004a2-0c3b-4e09-bee3-d147872a9266,4,0,1.09
473,"['2008_c7ecf410-d423-4cdd-a97d-1e47104fab8c_pop', 'jpg']",pop,c7ecf410-d423-4cdd-a97d-1e47104fab8c,4,2,1.09
474,"['2008_cd37f7e0-592e-4da1-852f-1c416aa4cf57_hip-hop', 'jpg']",hip-hop,cd37f7e0-592e-4da1-852f-1c416aa4cf57,4,0,1.09
475,"['2008_d4cccd1c-61fb-4939-aa53-49798314724e_rock', 'jpg']",rock,d4cccd1c-61fb-4939-aa53-49798314724e,4,0,1.09
476,"['2008_e2b314d5-5a49-48a1-83df-26172acb37d7_country', 'jpg']",country,e2b314d5-5a49-48a1-83df-26172acb37d7,4,0,1.09
477,"['2008_e686f0f9-d7fc-4db3-b918-542e6963ebec_pop', 'jpg']",pop,e686f0f9-d7fc-4db3-b918-542e6963ebec,4,0,1.09
478,"['2008_f677da4a-c069-4ae2-9bde-bafdcaa3eaa9_rock', 'jpg']",rock,f677da4a-c069-4ae2-9bde-bafdcaa3eaa9,4,1,1.09
479,"['2008_f9720b6d-5c8c-42cd-ba94-685394ae4a9a_pop', 'jpg']",pop,f9720b6d-5c8c-42cd-ba94-685394ae4a9a,4,0,1.09
480,"['2008_fe7cefee-997f-4cd7-899e-de5db2566d29_country', 'jpg']",country,fe7cefee-997f-4cd7-899e-de5db2566d29,4,0,1.09
481,"['2009_0584c25b-a8a9-4f0a-8e1b-2ad1549e5ffe_hip-hop', 'jpg']",hip-hop,0584c25b-a8a9-4f0a-8e1b-2ad1549e5ffe,4,0,1.09
482,"['2009_0789780c-0059-44f7-b4f5-5a06de3dcd26_pop', 'jpg']",pop,0789780c-0059-44f7-b4f5-5a06de3dcd26,4,0,1.09
483,"['2009_0f5f0366-f199-46dd-bbbd-34b282890e91_hip-hop', 'jpg']",hip-hop,0f5f0366-f199-46dd-bbbd-34b282890e91,4,0,1.09
484,"['2009_16bca431-2228-4156-8f12-1932b72c2335_pop', 'jpg']",pop,16bca431-2228-4156-8f12-1932b72c2335,4,0,1.09
485,"['2009_254c7aa0-83c4-4ad0-9cb6-39cdff4934dd_country', 'jpg']",country,254c7aa0-83c4-4ad0-9cb6-39cdff4934dd,4,1,1.09
486,"['2009_30e4620f-b5b5-46b5-af6b-57457d33d716_hip-hop', 'jpg']",hip-hop,30e4620f-b5b5-46b5-af6b-57457d33d716,4,0,1.09
487,"['2009_323b22de-fcba-4881-a9e7-7c495000e9ed_electronic', 'jpg']",electronic,323b22de-fcba-4881-a9e7-7c495000e9ed,4,0,1.09
488,"['2009_3a0138b9-1ec5-49ee-a07d-80044fc683db_pop', 'jpg']",pop,3a0138b9-1ec5-49ee-a07d-80044fc683db,4,5,1.09
489,"['2009_4f090737-cafa-4781-be6c-8ade7da5d681_electronic', 'jpg']",electronic,4f090737-cafa-4781-be6c-8ade7da5d681,4,0,1.09
490,"['2009_5aca9cda-fc06-47ce-a5f3-bf415b1710e4_rock', 'jpg']",rock,5aca9cda-fc06-47ce-a5f3-bf415b1710e4,4,0,1.09
491,"['2009_5f9ff8e2-8007-4c2d-9559-b98ec27ff776_pop', 'jpg']",pop,5f9ff8e2-8007-4c2d-9559-b98ec27ff776,4,0,1.09
492,"['2009_74204276-618e-43d5-99e5-829328fee10a_electronic', 'jpg']",electronic,74204276-618e-43d5-99e5-829328fee10a,4,0,1.09
493,"['2009_84c9200f-d9d7-48c0-a274-2df3f1c9a8ba_pop', 'jpg']",pop,84c9200f-d9d7-48c0-a274-2df3f1c9a8ba,4,1,1.09
494,"['2009_88a77286-9fef-405b-be10-a2f12877cb22_country', 'jpg']",country,88a77286-9fef-405b-be10-a2f12877cb22,4,0,1.09
495,"['2009_8c468df7-03af-4245-bd83-be085d9d6bf6_pop', 'jpg']",pop,8c468df7-03af-4245-bd83-be085d9d6bf6,4,0,1.09
496,"['2009_93d7160a-ebfe-4678-908e-037e3952a96e_country', 'jpg']",country,93d7160a-ebfe-4678-908e-037e3952a96e,4,0,1.09
497,"['2009_bff295ae-51d0-470f-b6a9-d511643e753e_rock', 'jpg']",rock,bff295ae-51d0-470f-b6a9-d511643e753e,4,0,1.09
498,"['2009_f8de22b6-c66d-4036-9311-cb80b57c0d32_pop', 'jpg']",pop,f8de22b6-c66d-4036-9311-cb80b57c0d32,4,0,1.09
499,"['2009_faafdc60-4be5-4a22-8e8c-670ec5d385e2_pop', 'jpg']",pop,faafdc60-4be5-4a22-8e8c-670ec5d385e2,4,0,1.09
